Rk,Player,From,To,Tm,Lg,Count
1,Kareem Abdul-Jabbar\abdulka01,1970,1989,TOT,NBA,19
2,Kobe Bryant\bryanko01,1998,2016,LAL,NBA,18
3,Tim Duncan\duncati01,1998,2015,SAS,NBA,15
4,Kevin Garnett\garneke01,1997,2013,TOT,NBA,15
5,Shaquille O'Neal\onealsh01,1993,2009,TOT,NBA,15
6,LeBron James\jamesle01,2005,2018,TOT,NBA,14
7,Michael Jordan\jordami01,1985,2003,TOT,NBA,14
8,Karl Malone\malonka01,1988,2002,UTA,NBA,14
9,Jerry West\westje01,1961,1974,LAL,NBA,14
10,Wilt Chamberlain\chambwi01,1960,1973,TOT,NBA,13
11,Bob Cousy\cousybo01,1951,1963,BOS,NBA,13
12,John Havlicek\havlijo01,1966,1978,BOS,NBA,13
13,Dirk Nowitzki\nowitdi01,2002,2015,DAL,NBA,13
14,Larry Bird\birdla01,1980,1992,BOS,NBA,12
15,Elvin Hayes\hayesel01,1969,1980,TOT,NBA,12
16,Moses Malone\malonmo01,1978,1989,TOT,NBA,12
17,Hakeem Olajuwon\olajuha01,1985,1997,HOU,NBA,12
18,Oscar Robertson\roberos01,1961,1972,TOT,NBA,12
19,Bill Russell\russebi01,1958,1969,BOS,NBA,12
20,Dolph Schayes\schaydo01,1951,1962,SYR,NBA,12
21,Isiah Thomas\thomais01,1982,1993,DET,NBA,12
22,Dwyane Wade\wadedw01,2005,2016,MIA,NBA,12
23,Charles Barkley\barklch01,1987,1997,TOT,NBA,11
24,Elgin Baylor\bayloel01,1959,1970,TOT,NBA,11
25,Chris Bosh\boshch01,2006,2016,TOT,NBA,11
26,Julius Erving\ervinju01,1977,1987,PHI,NBA,11
27,Patrick Ewing\ewingpa01,1986,1997,NYK,NBA,11
28,Allen Iverson\iversal01,2000,2010,TOT,NBA,11
29,Magic Johnson\johnsma02,1980,1991,LAL,NBA,11
30,Bob Pettit\pettibo01,1955,1965,TOT,NBA,11
31,Ray Allen\allenra02,2000,2011,TOT,NBA,10
32,Carmelo Anthony\anthoca01,2007,2017,TOT,NBA,10
33,Paul Arizin\arizipa01,1951,1962,PHW,NBA,10
34,Clyde Drexler\drexlcl01,1986,1997,TOT,NBA,10
35,Hal Greer\greerha01,1961,1970,TOT,NBA,10
36,Jason Kidd\kiddja01,1996,2010,TOT,NBA,10
37,Paul Pierce\piercpa01,2002,2012,BOS,NBA,10
38,David Robinson\robinda01,1990,2001,SAS,NBA,10
39,John Stockton\stockjo01,1989,2000,UTA,NBA,10
40,Kevin Durant\duranke01,2010,2018,TOT,NBA,9
41,George Gervin\gervige01,1977,1985,SAS,NBA,9
42,Robert Parish\parisro01,1981,1991,BOS,NBA,9
43,Chris Paul\paulch01,2008,2016,TOT,NBA,9
44,Gary Payton\paytoga01,1994,2003,TOT,NBA,9
45,Lenny Wilkens\wilkele01,1963,1973,TOT,NBA,9
46,Dominique Wilkins\wilkido01,1986,1994,TOT,NBA,9
47,Rick Barry\barryri01,1966,1978,TOT,NBA,8
48,Vince Carter\cartevi01,2000,2007,TOT,NBA,8
49,Dave Cowens\cowenda01,1972,1980,BOS,NBA,8
50,Dave DeBusschere\debusda01,1966,1974,TOT,NBA,8
51,Alex English\englial01,1982,1989,DEN,NBA,8
52,Larry Foust\foustla01,1951,1959,TOT,NBA,8
53,Dwight Howard\howardw01,2007,2014,TOT,NBA,8
54,Bob Lanier\laniebo01,1972,1982,TOT,NBA,8
55,Yao Ming\mingya01,2003,2011,HOU,NBA,8
56,Dikembe Mutombo\mutomdi01,1992,2002,TOT,NBA,8
57,Steve Nash\nashst01,2002,2012,TOT,NBA,8
58,Bill Sharman\sharmbi01,1953,1960,BOS,NBA,8
59,Dave Bing\bingda01,1968,1976,TOT,NBA,7
60,Walt Frazier\fraziwa01,1970,1976,NYK,NBA,7
61,Harry Gallatin\gallaha01,1951,1957,NYK,NBA,7
62,Grant Hill\hillgr01,1995,2005,TOT,NBA,7
63,Joe Johnson\johnsjo02,2007,2014,TOT,NBA,7
64,Jerry Lucas\lucasje01,1964,1971,TOT,NBA,7
65,Ed Macauley\macaued01,1951,1957,TOT,NBA,7
66,Slater Martin\martisl01,1953,1959,TOT,NBA,7
67,Tracy McGrady\mcgratr01,2001,2007,TOT,NBA,7
68,Dick McGuire\mcguidi01,1951,1959,TOT,NBA,7
69,Kevin McHale\mchalke01,1984,1991,BOS,NBA,7
70,Alonzo Mourning\mournal01,1994,2002,TOT,NBA,7
71,Scottie Pippen\pippesc01,1990,1997,CHI,NBA,7
72,Willis Reed\reedwi01,1965,1971,NYK,NBA,7
73,Jack Sikma\sikmaja01,1979,1985,SEA,NBA,7
74,Nate Thurmond\thurmna01,1965,1974,TOT,NBA,7
75,Chet Walker\walkech01,1964,1974,TOT,NBA,7
76,Russell Westbrook\westbru01,2011,2018,OKC,NBA,7
77,Jo Jo White\whitejo01,1971,1977,BOS,NBA,7
78,James Worthy\worthja01,1986,1992,LAL,NBA,7
79,LaMarcus Aldridge\aldrila01,2012,2018,TOT,NBA,6
80,Tiny Archibald\architi01,1973,1982,TOT,NBA,6
81,Larry Costello\costela01,1958,1965,TOT,NBA,6
82,Adrian Dantley\dantlad01,1980,1986,UTA,NBA,6
83,Walter Davis\daviswa03,1978,1987,PHO,NBA,6
84,Joe Dumars\dumarjo01,1990,1997,DET,NBA,6
85,Pau Gasol\gasolpa01,2006,2016,TOT,NBA,6
86,Artis Gilmore\gilmoar01,1978,1986,TOT,NBA,6
87,Richie Guerin\gueriri01,1958,1963,NYK,NBA,6
88,James Harden\hardeja01,2013,2018,HOU,NBA,6
89,Tom Heinsohn\heinsto01,1957,1965,BOS,NBA,6
90,Bailey Howell\howelba01,1961,1967,TOT,NBA,6
91,Lou Hudson\hudsolo01,1969,1974,ATL,NBA,6
92,Neil Johnston\johnsne01,1953,1958,PHW,NBA,6
93,Shawn Kemp\kempsh01,1993,1998,TOT,NBA,6
94,Vern Mikkelsen\mikkeve01,1951,1957,MNL,NBA,6
95,Jermaine O'Neal\onealje01,2002,2007,IND,NBA,6
96,Tony Parker\parketo01,2006,2014,SAS,NBA,6
97,Mitch Richmond\richmmi01,1993,1998,SAC,NBA,6
98,Amar'e Stoudemire\stoudam01,2005,2011,TOT,NBA,6
99,Jack Twyman\twymaja01,1957,1963,TOT,NBA,6
100,George Yardley\yardlge01,1955,1960,TOT,NBA,6
101,Chauncey Billups\billuch01,2006,2010,TOT,NBA,5
102,Carl Braun\braunca01,1953,1957,NYK,NBA,5
103,Stephen Curry\curryst01,2014,2018,GSW,NBA,5
104,Brad Daugherty\daughbr01,1988,1993,CLE,NBA,5
105,Anthony Davis\davisan02,2014,2018,NOP,NBA,5
106,Wayne Embry\embrywa01,1961,1965,CIN,NBA,5
107,Paul George\georgpa01,2013,2018,TOT,NBA,5
108,Tom Gola\golato01,1960,1964,TOT,NBA,5
109,Gail Goodrich\goodrga01,1969,1975,TOT,NBA,5
110,Blake Griffin\griffbl01,2011,2015,LAC,NBA,5
111,Cliff Hagan\hagancl01,1958,1962,STL,NBA,5
112,Tim Hardaway\hardati01,1991,1998,TOT,NBA,5
113,Al Horford\horfoal01,2010,2018,TOT,NBA,5
114,Kyrie Irving\irvinky01,2013,2018,TOT,NBA,5
115,Dennis Johnson\johnsde01,1979,1985,TOT,NBA,5
116,Gus Johnson\johnsgu01,1965,1971,BAL,NBA,5
117,Marques Johnson\johnsma01,1979,1986,TOT,NBA,5
118,Sam Jones\jonessa01,1962,1968,BOS,NBA,5
119,Rudy LaRusso\larusru01,1962,1969,TOT,NBA,5
120,Kevin Love\loveke01,2011,2018,TOT,NBA,5
121,Pete Maravich\maravpe01,1973,1979,TOT,NBA,5
122,Bob McAdoo\mcadobo01,1974,1978,TOT,NBA,5
123,Reggie Miller\millere01,1990,2000,IND,NBA,5
124,Sidney Moncrief\moncrsi01,1982,1986,MIL,NBA,5
125,Chris Mullin\mullich01,1989,1993,GSW,NBA,5
126,Don Ohl\ohldo01,1963,1967,TOT,NBA,5
127,Andy Phillip\phillan01,1951,1955,TOT,NBA,5
128,Gene Shue\shuege01,1958,1962,DET,NBA,5
129,Rudy Tomjanovich\tomjaru01,1974,1979,HOU,NBA,5
130,Wes Unseld\unselwe01,1969,1975,TOT,NBA,5
131,John Wall\walljo01,2014,2018,WAS,NBA,5
132,Bobby Wanzer\wanzebo01,1952,1956,ROC,NBA,5
133,Chris Webber\webbech01,1997,2003,TOT,NBA,5
134,Paul Westphal\westppa01,1977,1981,TOT,NBA,5
135,Vin Baker\bakervi01,1995,1998,TOT,NBA,4
136,Walt Bellamy\bellawa01,1962,1965,TOT,NBA,4
137,Otis Birdsong\birdsot01,1979,1984,TOT,NBA,4
138,Rolando Blackman\blackro01,1985,1990,DAL,NBA,4
139,Jimmy Butler\butleji01,2015,2018,TOT,NBA,4
140,Tom Chambers\chambto01,1987,1991,TOT,NBA,4
141,Maurice Cheeks\cheekma01,1983,1988,PHI,NBA,4
142,Doug Collins\collido01,1976,1979,PHI,NBA,4
143,DeMarcus Cousins\couside01,2015,2018,TOT,NBA,4
144,Billy Cunningham\cunnibi01,1969,1972,PHI,NBA,4
145,Bob Dandridge\dandrbo01,1973,1979,TOT,NBA,4
146,Bob Davies\daviebo01,1951,1954,ROC,NBA,4
147,DeMar DeRozan\derozde01,2014,2018,TOR,NBA,4
148,Dick Garmaker\garmadi01,1957,1960,TOT,NBA,4
149,Johnny Green\greenjo01,1962,1971,TOT,NBA,4
150,Anfernee Hardaway\hardaan01,1995,1998,ORL,NBA,4
151,Connie Hawkins\hawkico01,1970,1973,PHO,NBA,4
152,Spencer Haywood\haywosp01,1972,1975,SEA,NBA,4
153,Mel Hutchins\hutchme01,1953,1957,TOT,NBA,4
154,Bobby Jones\jonesbo01,1977,1982,TOT,NBA,4
155,Bernard King\kingbe01,1982,1991,TOT,NBA,4
156,Bill Laimbeer\laimbbi01,1983,1987,DET,NBA,4
157,Clyde Lovellette\lovelcl01,1956,1961,TOT,NBA,4
158,Kyle Lowry\lowryky01,2015,2018,TOR,NBA,4
159,Maurice Lucas\lucasma01,1977,1983,TOT,NBA,4
160,Shawn Marion\mariosh01,2003,2007,PHO,NBA,4
161,George Mikan\mikange01,1951,1954,MNL,NBA,4
162,Paul Millsap\millspa01,2014,2017,ATL,NBA,4
163,Earl Monroe\monroea01,1969,1977,TOT,NBA,4
164,Willie Naulls\naullwi01,1958,1962,NYK,NBA,4
165,Jim Pollard\pollaji01,1951,1955,MNL,NBA,4
166,Mark Price\pricema01,1989,1994,CLE,NBA,4
167,Micheal Ray Richardson\richami01,1980,1985,TOT,NBA,4
168,Arnie Risen\risenar01,1952,1955,ROC,NBA,4
169,Alvin Robertson\roberal01,1986,1991,TOT,NBA,4
170,Guy Rodgers\rodgegu01,1963,1967,TOT,NBA,4
171,Rajon Rondo\rondora01,2010,2013,BOS,NBA,4
172,Ralph Sampson\sampsra01,1984,1987,HOU,NBA,4
173,Latrell Sprewell\sprewla01,1994,2001,TOT,NBA,4
174,David Thompson\thompda01,1977,1983,TOT,NBA,4
175,Klay Thompson\thompkl01,2015,2018,GSW,NBA,4
176,Ben Wallace\wallabe01,2003,2006,DET,NBA,4
177,Rasheed Wallace\wallara01,2000,2008,TOT,NBA,4
178,Sidney Wicks\wickssi01,1972,1975,POR,NBA,4
179,Mark Aguirre\aguirma01,1984,1988,DAL,NBA,3
180,Gilbert Arenas\arenagi01,2005,2007,WAS,NBA,3
181,Bill Bridges\bridgbi01,1967,1970,TOT,NBA,3
182,Phil Chenier\cheniph01,1974,1977,TOT,NBA,3
183,Terry Dischinger\dischte01,1963,1965,TOT,NBA,3
184,Steve Francis\francst01,2002,2004,HOU,NBA,3
185,Marc Gasol\gasolma01,2012,2017,MEM,NBA,3
186,Draymond Green\greendr01,2016,2018,GSW,NBA,3
187,Richard Hamilton\hamilri01,2006,2008,DET,NBA,3
188,Kevin Johnson\johnske02,1990,1994,PHO,NBA,3
189,Eddie Jones\jonesed02,1997,2000,TOT,NBA,3
190,Bob Kauffman\kauffbo01,1971,1973,BUF,NBA,3
191,Red Kerr\kerrre01,1956,1963,SYR,NBA,3
192,Damian Lillard\lillada01,2014,2018,POR,NBA,3
193,Bob Love\lovebo01,1971,1973,CHI,NBA,3
194,Dan Majerle\majerda01,1992,1995,PHO,NBA,3
195,George McGinnis\mcginge01,1976,1979,TOT,NBA,3
196,Jeff Mullins\mullije01,1969,1971,SFW,NBA,3
197,Larry Nance\nancela01,1985,1993,TOT,NBA,3
198,Glen Rice\ricegl01,1996,1998,CHH,NBA,3
199,Derrick Rose\rosede01,2010,2012,CHI,NBA,3
200,Dan Roundfield\roundda01,1980,1982,ATL,NBA,3
201,Brandon Roy\roybr01,2008,2010,POR,NBA,3
202,Detlef Schrempf\schrede01,1993,1997,TOT,NBA,3
203,Charlie Scott\scottch01,1973,1975,PHO,NBA,3
204,Paul Seymour\seymopa01,1953,1955,SYR,NBA,3
205,Peja Stojakovic\stojape01,2002,2004,SAC,NBA,3
206,Maurice Stokes\stokema01,1956,1958,TOT,NBA,3
207,Dick Van Arsdale\vanardi01,1969,1971,PHO,NBA,3
208,Tom Van Arsdale\vanarto01,1970,1972,CIN,NBA,3
209,Norm Van Lier\vanlino01,1974,1977,CHI,NBA,3
210,Antoine Walker\walkean02,1998,2003,BOS,NBA,3
211,Jamaal Wilkes\wilkeja01,1976,1983,TOT,NBA,3
212,Buck Williams\willibu01,1982,1986,NJN,NBA,3
213,Deron Williams\willide01,2010,2012,TOT,NBA,3
214,Giannis Antetokounmpo\antetgi01,2017,2018,MIL,NBA,2
215,Leo Barnhorst\barnhle01,1952,1953,INO,NBA,2
216,Zelmo Beaty\beatyze01,1966,1968,STL,NBA,2
217,Carlos Boozer\boozeca01,2007,2008,UTA,NBA,2
218,Elton Brand\brandel01,2002,2006,LAC,NBA,2
219,Terrell Brandon\brandte01,1996,1997,CLE,NBA,2
220,Frankie Brian\brianfr01,1951,1952,TOT,NBA,2
221,Caron Butler\butleca01,2007,2008,WAS,NBA,2
222,Joe Caldwell\caldwjo01,1969,1970,ATL,NBA,2
223,Archie Clark\clarkar01,1968,1972,TOT,NBA,2
224,Terry Cummings\cummite01,1985,1989,MIL,NBA,2
225,Baron Davis\davisba01,2002,2004,TOT,NBA,2
226,Luol Deng\denglu01,2012,2013,CHI,NBA,2
227,John Drew\drewjo01,1976,1980,ATL,NBA,2
228,Andre Drummond\drumman01,2016,2018,DET,NBA,2
229,Kevin Duckworth\duckwke01,1989,1991,POR,NBA,2
230,Walter Dukes\dukeswa01,1960,1961,DET,NBA,2
231,Dike Eddleman\eddledi01,1951,1952,TOT,NBA,2
232,Sean Elliott\elliose01,1993,1996,SAS,NBA,2
233,Michael Finley\finlemi01,2000,2001,DAL,NBA,2
234,Joe Fulks\fulksjo01,1951,1952,PHW,NBA,2
235,Jack George\georgja01,1956,1957,PHW,NBA,2
236,Manu Ginobili\ginobma01,2005,2011,SAS,NBA,2
237,Roy Hibbert\hibbero01,2012,2014,IND,NBA,2
238,Allan Houston\houstal01,2000,2001,NYK,NBA,2
239,Hot Rod Hundley\hundlho01,1960,1961,TOT,NBA,2
240,Zydrunas Ilgauskas\ilgauzy01,2003,2005,CLE,NBA,2
241,Antawn Jamison\jamisan01,2005,2008,WAS,NBA,2
242,Eddie Johnson\johnsed02,1980,1981,ATL,NBA,2
243,John Johnson\johnsjo01,1971,1972,CLE,NBA,2
244,Larry Johnson\johnsla02,1993,1995,CHH,NBA,2
245,Larry Kenon\kenonla01,1978,1979,SAS,NBA,2
246,Don Kojis\kojisdo01,1968,1969,SDR,NBA,2
247,David Lee\leeda02,2010,2013,TOT,NBA,2
248,Kawhi Leonard\leonaka01,2016,2017,SAS,NBA,2
249,Fat Lever\leverfa01,1988,1990,DEN,NBA,2
250,Rashard Lewis\lewisra02,2005,2009,TOT,NBA,2
251,Jeff Malone\malonje01,1986,1987,WSB,NBA,2
252,Danny Manning\mannida01,1993,1994,TOT,NBA,2
253,Stephon Marbury\marbust01,2001,2003,TOT,NBA,2
254,Jack Marin\marinja01,1972,1973,TOT,NBA,2
255,Brad Miller\millebr01,2003,2004,TOT,NBA,2
256,Norm Nixon\nixonno01,1982,1985,TOT,NBA,2
257,Joakim Noah\noahjo01,2013,2014,CHI,NBA,2
258,Jim Paxson\paxsoji02,1983,1984,POR,NBA,2
259,Geoff Petrie\petrige01,1971,1974,POR,NBA,2
260,Terry Porter\portete01,1991,1993,POR,NBA,2
261,Zach Randolph\randoza01,2010,2013,MEM,NBA,2
262,Glenn Robinson\robingl01,2000,2001,MIL,NBA,2
263,Truck Robinson\robintr01,1978,1981,TOT,NBA,2
264,Red Rocha\rochare01,1951,1952,TOT,NBA,2
265,Dennis Rodman\rodmade01,1990,1992,DET,NBA,2
266,Jeff Ruland\rulanje01,1984,1985,WSB,NBA,2
267,Fred Scolari\scolafr01,1952,1953,TOT,NBA,2
268,Kenny Sears\searske01,1958,1959,NYK,NBA,2
269,Frank Selvy\selvyfr01,1955,1962,TOT,NBA,2
270,Paul Silas\silaspa01,1972,1975,TOT,NBA,2
271,Jerry Sloan\sloanje01,1967,1969,CHI,NBA,2
272,Phil Smith\smithph01,1976,1977,GSW,NBA,2
273,Randy Smith\smithra01,1976,1978,BUF,NBA,2
274,Jerry Stackhouse\stackje01,2000,2001,DET,NBA,2
275,Reggie Theus\theusre01,1981,1983,CHI,NBA,2
276,Isaiah Thomas\thomais02,2016,2017,BOS,NBA,2
277,Andrew Toney\toneyan01,1983,1984,PHI,NBA,2
278,Kelly Tripucka\tripuke01,1982,1984,DET,NBA,2
279,Kiki Vandeweghe\vandeki01,1983,1984,DEN,NBA,2
280,Jimmy Walker\walkeji01,1970,1972,DET,NBA,2
281,Kemba Walker\walkeke02,2017,2018,CHO,NBA,2
282,Bill Walton\waltobi01,1977,1978,POR,NBA,2
283,Scott Wedman\wedmasc01,1976,1980,KCK,NBA,2
284,David West\westda01,2008,2009,NOH,NBA,2
285,Gus Williams\willigu01,1982,1983,SEA,NBA,2
286,Brian Winters\wintebr01,1976,1978,MIL,NBA,2
287,Shareef Abdur-Rahim\abdursh01,2002,2002,ATL,NBA,1
288,Alvan Adams\adamsal01,1976,1976,PHO,NBA,1
289,Michael Adams\adamsmi01,1992,1992,WSB,NBA,1
290,Danny Ainge\aingeda01,1988,1988,BOS,NBA,1
291,Kenny Anderson\anderke01,1994,1994,NJN,NBA,1
292,B.J. Armstrong\armstbj01,1994,1994,CHI,NBA,1
293,Don Barksdale\barksdo01,1953,1953,BLB,NBA,1
294,Dick Barnett\barnedi01,1968,1968,NYK,NBA,1
295,Dana Barros\barroda01,1995,1995,PHI,NBA,1
296,Bradley Beal\bealbr01,2018,2018,WAS,NBA,1
297,Butch Beard\beardbu01,1972,1972,CLE,NBA,1
298,Ralph Beard\beardra01,1951,1951,INO,NBA,1
299,Mookie Blaylock\blaylmo01,1994,1994,ATL,NBA,1
300,John Block\blockjo01,1973,1973,TOT,NBA,1
301,Bob Boozer\boozebo01,1968,1968,CHI,NBA,1
302,Vince Boryla\borylvi01,1951,1951,NYK,NBA,1
303,Bill Bradley\bradlbi01,1973,1973,NYK,NBA,1
304,Fred Brown\brownfr01,1976,1976,SEA,NBA,1
305,Don Buse\busedo01,1977,1977,IND,NBA,1
306,Andrew Bynum\bynuman01,2012,2012,LAL,NBA,1
307,Austin Carr\carrau01,1974,1974,CLE,NBA,1
308,Joe Barry Carroll\carrojo01,1987,1987,GSW,NBA,1
309,Bill Cartwright\cartwbi01,1980,1980,NYK,NBA,1
310,Sam Cassell\cassesa01,2004,2004,MIN,NBA,1
311,Cedric Ceballos\cebalce01,1995,1995,LAL,NBA,1
312,Tyson Chandler\chandty01,2013,2013,NYK,NBA,1
313,Len Chappell\chapple01,1964,1964,TOT,NBA,1
314,Nat Clifton\cliftna01,1957,1957,NYK,NBA,1
315,Derrick Coleman\colemde01,1994,1994,NJN,NBA,1
316,Jack Coleman\colemja01,1955,1955,ROC,NBA,1
317,Antonio Davis\davisan01,2001,2001,TOR,NBA,1
318,Dale Davis\davisda01,2000,2000,IND,NBA,1
319,Vlade Divac\divacvl01,2001,2001,SAC,NBA,1
320,James Donaldson\donalja01,1988,1988,DAL,NBA,1
321,Goran Dragic\dragigo01,2018,2018,MIA,NBA,1
322,Mark Eaton\eatonma01,1989,1989,UTA,NBA,1
323,Dale Ellis\ellisda01,1989,1989,SEA,NBA,1
324,Joel Embiid\embiijo01,2018,2018,PHI,NBA,1
325,Ray Felix\felixra01,1954,1954,BLB,NBA,1
326,Sleepy Floyd\floydsl01,1987,1987,GSW,NBA,1
327,World B. Free\freewo01,1980,1980,SDC,NBA,1
328,Bill Gabor\gaborbi01,1953,1953,SYR,NBA,1
329,Chris Gatling\gatlich01,1997,1997,TOT,NBA,1
330,Danny Granger\grangda01,2009,2009,IND,NBA,1
331,Horace Grant\grantho01,1994,1994,CHI,NBA,1
332,A.C. Green\greenac01,1990,1990,LAL,NBA,1
333,Rickey Green\greenri01,1984,1984,UTA,NBA,1
334,Alex Groza\grozaal01,1951,1951,INO,NBA,1
335,Tom Gugliotta\guglito01,1997,1997,MIN,NBA,1
336,Devin Harris\harride01,2009,2009,NJN,NBA,1
337,Bob Harrison\harribo02,1956,1956,STL,NBA,1
338,Hersey Hawkins\hawkihe01,1991,1991,PHI,NBA,1
339,Gordon Hayward\haywago01,2017,2017,UTA,NBA,1
340,Walt Hazzard\abdulma01,1968,1968,SEA,NBA,1
341,Tyrone Hill\hillty01,1995,1995,CLE,NBA,1
342,Jrue Holiday\holidjr01,2013,2013,PHI,NBA,1
343,Lionel Hollins\hollili01,1978,1978,POR,NBA,1
344,Jeff Hornacek\hornaje01,1992,1992,PHO,NBA,1
345,Josh Howard\howarjo01,2007,2007,DAL,NBA,1
346,Juwan Howard\howarju01,1996,1996,WSB,NBA,1
347,Andre Iguodala\iguodan01,2012,2012,PHI,NBA,1
348,Darrall Imhoff\imhofda01,1967,1967,LAL,NBA,1
349,Dan Issel\isselda01,1977,1977,DEN,NBA,1
350,Luke Jackson\jackslu01,1965,1965,PHI,NBA,1
351,Mark Jackson\jacksma01,1989,1989,NYK,NBA,1
352,Steve Johnson\johnsst03,1988,1988,POR,NBA,1
353,DeAndre Jordan\jordade01,2017,2017,LAC,NBA,1
354,Chris Kaman\kamanch01,2010,2010,LAC,NBA,1
355,Jim King\kingji01,1968,1968,SFW,NBA,1
356,Andrei Kirilenko\kirilan01,2004,2004,UTA,NBA,1
357,Billy Knight\knighbi01,1977,1977,IND,NBA,1
358,Kyle Korver\korveky01,2015,2015,ATL,NBA,1
359,Sam Lacey\laceysa01,1975,1975,KCO,NBA,1
360,Christian Laettner\laettch01,1997,1997,ATL,NBA,1
361,Clyde Lee\leecl01,1968,1968,SFW,NBA,1
362,Reggie Lewis\lewisre01,1992,1992,BOS,NBA,1
363,Brook Lopez\lopezbr01,2013,2013,BRK,NBA,1
364,Jamaal Magloire\magloja01,2004,2004,NOH,NBA,1
365,Kenyon Martin\martike01,2004,2004,NJN,NBA,1
366,Jamal Mashburn\mashbja01,2003,2003,NOH,NBA,1
367,Anthony Mason\masonan01,2001,2001,MIA,NBA,1
368,Xavier McDaniel\mcdanxa01,1988,1988,SEA,NBA,1
369,Antonio McDyess\mcdyean01,2001,2001,DEN,NBA,1
370,Jon McGlocklin\mcglojo01,1969,1969,MIL,NBA,1
371,Tom Meschery\meschto01,1963,1963,SFW,NBA,1
372,Eddie Miles\milesed01,1966,1966,DET,NBA,1
373,Mike Mitchell\mitchmi01,1981,1981,CLE,NBA,1
374,Steve Mix\mixst01,1975,1975,PHI,NBA,1
375,Jack Molinas\molinja01,1954,1954,FTW,NBA,1
376,Calvin Murphy\murphca01,1979,1979,HOU,NBA,1
377,Calvin Natt\nattca01,1985,1985,DEN,NBA,1
378,Jameer Nelson\nelsoja01,2009,2009,ORL,NBA,1
379,Chuck Noble\noblech01,1960,1960,DET,NBA,1
380,Charles Oakley\oaklech01,1994,1994,NYK,NBA,1
381,Mehmet Okur\okurme01,2007,2007,UTA,NBA,1
382,Victor Oladipo\oladivi01,2018,2018,IND,NBA,1
383,Ricky Pierce\piercri01,1991,1991,TOT,NBA,1
384,Kristaps Porzingis\porzikr01,2018,2018,NYK,NBA,1
385,Jim Price\priceji01,1975,1975,TOT,NBA,1
386,Theo Ratliff\ratlith01,2001,2001,PHI,NBA,1
387,Michael Redd\reddmi01,2004,2004,MIL,NBA,1
388,Richie Regan\reganri01,1957,1957,ROC,NBA,1
389,Doc Rivers\riverdo01,1988,1988,ATL,NBA,1
390,Clifford Robinson\robincl02,1994,1994,POR,NBA,1
391,Flynn Robinson\robinfl01,1970,1970,MIL,NBA,1
392,Curtis Rowe\rowecu01,1976,1976,DET,NBA,1
393,Bob Rule\rulebo01,1970,1970,SEA,NBA,1
394,Campy Russell\russeca02,1979,1979,CLE,NBA,1
395,Cazzie Russell\russeca01,1972,1972,GSW,NBA,1
396,Woody Sauldsberry\sauldwo01,1959,1959,PHW,NBA,1
397,Fred Schaus\schaufr01,1951,1951,FTW,NBA,1
398,Lee Shaffer\shaffle01,1963,1963,SYR,NBA,1
399,Lonnie Shelton\sheltlo01,1982,1982,SEA,NBA,1
400,Adrian Smith\smithad01,1966,1966,CIN,NBA,1
401,Steve Smith\smithst01,1998,1998,ATL,NBA,1
402,Rik Smits\smitsri01,1998,1998,IND,NBA,1
403,John Starks\starkjo01,1994,1994,NYK,NBA,1
404,Don Sunderlage\sundedo01,1954,1954,MLH,NBA,1
405,Wally Szczerbiak\szczewa02,2002,2002,MIN,NBA,1
406,Jeff Teague\teaguje01,2015,2015,ATL,NBA,1
407,Otis Thorpe\thorpot01,1992,1992,HOU,NBA,1
408,Karl-Anthony Towns\townska01,2018,2018,MIN,NBA,1
409,Nick Van Exel\vanexni01,1998,1998,LAL,NBA,1
410,Gerald Wallace\wallage01,2010,2010,CHA,NBA,1
411,Paul Walther\walthpa01,1952,1952,INO,NBA,1
412,Kermit Washington\washike01,1980,1980,POR,NBA,1
413,Jayson Williams\willija01,1998,1998,NJN,NBA,1
414,Mo Williams\willima01,2009,2009,CLE,NBA,1
415,Kevin Willis\willike02,1992,1992,ATL,NBA,1
416,Metta World Peace\artesro01,2004,2004,IND,NBA,1
417,Max Zaslofsky\zasloma01,1952,1952,NYK,NBA,1